Title,URL
Betsy Devos booed at University for the entirety of her speech.,https://www.youtube.com/watch?v=Y4BqmN8yWk8
Fox and friends anchors wide-eyed as fellow anchor talks about how races should not be interbreeding,https://www.youtube.com/watch?v=xqbL9-HzxH4
Mariah Carey New Years performance...wow...,https://www.youtube.com/watch?v=q9Q2i_9PHU0
Sean Spicer: Hitler 'Didn't Even Sink To Using Chemical Weapons’,https://www.youtube.com/watch?v=6H14a0B0HMY
Lobbyist claims it's safe to drink pesticides filled with chems then the interviewer asks him to drink one,https://www.youtube.com/watch?v=ovKw6YjqSfM
Guy caught breaking in.Has the worst excuse ever.,https://www.youtube.com/watch?v=7RE1e_DF_D8
Woman thrown off plane for berating a Trump supporter while her husband stares stoically into the abyss,https://www.youtube.com/watch?v=3yLa2YAz2LI
Kelly Osbourne attacks Donald Trump on The View by using the worst example possible then frantically backpedals.,https://www.youtube.com/watch?v=0m5S91y3fL8
Steve Harvey just announced the wrong winner of the Miss Universe Pageant on live TV. Unbelievable amount of awkwardness ensues.,https://www.youtube.com/watch?v=aPTC94LImhk
The introduction of the candidates at the Republican debate,https://www.youtube.com/watch?v=OR1kV2hBaGY
Guy gives a kiss to a girl,https://www.youtube.com/watch?v=dBo5-6WotEM
You ain't shit to me...nyugggah!,https://www.youtube.com/watch?v=r9M9rodtoTU
Fit guy desperately trying to get confirmation from girls,https://www.youtube.com/watch?v=Ovf2ATajdkM
Proof that multi-billion dollar companies can have no clue who they are marketing to.,https://www.youtube.com/watch?v=gHWAtMQs0NY
Woman introduces herself to Waka Flocka Flame... in the worst way,https://www.youtube.com/watch?v=t0i6BSe_CVY
Fox News Reporter Asks Man In Diner About Comey Firing. Gets Unexpected Response.,https://www.youtube.com/watch?v=Hww_b2PfXBI
Walmart Morning Chant,https://www.youtube.com/watch?v=HpPUUWp5sO4
Michele Bachmann keeps intrupting Bernie Sanders during every sentence he is saying continuously for a whole interview.,https://www.youtube.com/watch?v=9cJUBOZE26k
This teacher's first day of teaching,https://www.youtube.com/watch?v=AL3_TsKA_Z0
Mother of bully taunts the mother of her son's target; her denial is proven false when the tape is played back.,https://www.youtube.com/watch?v=NWQp1_4RxjQ
Guy accidentally touches another guy's arm on live stream,https://www.youtube.com/watch?v=WRw-_58r8kQ
"With the ""Nightly show"" being canceled today, let us remember one of the reasons it happened",https://www.youtube.com/watch?v=yy7GOO7Y96Y
A touch of class in a dark world.,https://www.youtube.com/watch?v=Ud4wXa0V7FA
Awful end of the night goodbye.,https://www.youtube.com/watch?v=99Ik6v5MgZo
Joe Biden kisses a senators daughter,https://www.youtube.com/watch?v=L4OYPiV1GsY
The Worst Way to End an Interview [33seconds],https://www.youtube.com/watch?v=M21omDaskCE
Washed up Youtuber interrupts an award show to talk about his dick,https://www.youtube.com/watch?v=SOse2Ep7i9o
Guy playing overwatch tries to talk to a girl.,https://www.youtube.com/watch?v=y6YmIl-YWrM
The worst 30 seconds of this guys professional life.,https://www.youtube.com/watch?v=gER1UB6Wg6s
Husband wishes he was somewhere else.,https://www.youtube.com/watch?v=Wq3ZULfct-o
"CNN reporter conducts ""interview"" with citizen who turns out to be a cameraman, cringeworthy reaction when fellow anchor calls him out",https://www.youtube.com/watch?v=eOCcRnvMPEU
Girl makes out with guy on creepy triple date,https://www.youtube.com/watch?v=Qa6KhlKN3Hc
Student makes fool of politician in interview.,https://www.youtube.com/watch?v=lL1CgptlYZU
Weiner and Huma in the same room when the news shows his latest sexting pic. Oh My!,https://www.youtube.com/watch?v=f0T1Rb_Q8cg
"Woman pronounces memes as ""Me Me's"" on Judge Judy",https://www.youtube.com/watch?v=0Fpm7S3mlYc
Cult leader reenacts receiving prophecy to rail son's wife while son weeps quietly in the corner,https://www.youtube.com/watch?v=M0xf2Hdxo6o
"Twitch streamer ZiloanOP raises thousands of dollars to pay for his wheelchair/medical bills, forgets to turn of camera and walks off-screen",https://www.youtube.com/watch?v=_N5gixJ2X8M
"Two idiots try to down whole Patron for $500, end up vomiting everywhere.",https://www.youtube.com/watch?v=J1__EFqSJng
Guy gets kicked out of a kindergarten concert.,https://www.youtube.com/watch?v=e3Rb9mIOivI
A girl's pants fall off on ride. Boyfriend tries to help.,https://www.youtube.com/watch?v=ZMEdoHuNyFg
YouTuber interviews his girlfriend about how she cheated on him,https://www.youtube.com/watch?v=5cwQVHQ5wSY
"Trump supporters ""masturbate to anime""",https://www.youtube.com/watch?v=FiS6a1XE91M
Dove release failure at a funeral.,https://www.youtube.com/watch?v=q5bD_cXWccI
"Comedian breaks a guitar over a heckler's head, crowd instantly turns on the comedian",https://www.youtube.com/watch?v=_rKjuGt7cEg
Minecon 2015,https://www.youtube.com/watch?v=04rKoWe8Iek
Explicit rapper performs in front of very uncomfortable audience,https://www.youtube.com/watch?v=Ru6gt2LLSVo
"Disgruntled taxi driver hires an Uber just to threaten and insult the driver, records the whole thing thinking he’s a hero, then proceeds to upload it",https://www.youtube.com/watch?v=7iPTHVlKwQY
Crossfit hero shows you can't tussle with the muscle and takes his armrest back.,https://www.youtube.com/watch?v=NGGFWvo3MUI
Woman tries to play victim but gets shut down by a professor,https://www.youtube.com/watch?v=6O5zgXeCynQ
Couple on Trading Spaces sees their horrid new living room,https://www.youtube.com/watch?v=-4pVZlRbwtw
"Cop pulls over Indian guy who has meth, a pipe, a hooker, and tons of excuses",https://www.youtube.com/watch?v=Vvwx_woiItk
"Driver tries to cheat traffic, then has to back up in a long, drawn-out ""Reverse of Shame"" (x-post from /r/atlanta)",https://www.youtube.com/watch?v=qQpnJbBVNqg
Jeb Bush Saddest Moments,https://www.youtube.com/watch?v=7yHckRTkcZg
Girl walks off stage (super cringe after 2 minutes),https://www.youtube.com/watch?v=McFzWzwtmmU
"Guy tries to spit at the crowd and defiantly walk away from eating competition, slips and falls into a pool of vomit (x/post from /r/ireland)",https://www.youtube.com/watch?v=TAkUSVEv9-M
Bolivian president Evo Morales accidentally opens porn in the court of Justice,https://www.youtube.com/watch?v=idMtOqd7Lxs
News anchor cracks a joke,https://www.youtube.com/watch?v=842zcRfbm7o
Patient Cop Gives Drunk Man Every Chance To Go Away,https://www.youtube.com/watch?v=Om6L_q4oe74
"Guy from some MLG team goes into a Gamestop to ""pay respects"", nobody has any idea who he is",https://www.youtube.com/watch?v=n1cUzaCMIYs
"Guy invests his whole livelihood into making a game, proceeds to get torn apart by tv hosts.",https://www.youtube.com/watch?v=WOOw2yWMSfk
Laura Ingraham awkwardly does a Nazi solute and even more awkwardly tries to save it.,https://www.youtube.com/watch?v=0WTltfYfD5g
News anchor cracks a joke and it gets worse and worse,https://www.youtube.com/watch?v=842zcRfbm7o
Tom Hardy shuts down a reporter for asking about his sexuality,https://www.youtube.com/watch?v=WNOBl1CQ2dg
Flat earther confronts NASA employee in Starbucks,https://www.youtube.com/watch?v=p_qOhuyRaAY
Give me another name for Mom/Mommy.,https://www.youtube.com/watch?v=iSITlMwLgPU
Guy shouts Aragon's battle speech before a test. ,https://www.youtube.com/watch?v=t5lFFvOAdsA
Tyra Banks turns into rabies ridden dog,https://www.youtube.com/watch?v=LFAjN4n46zE
"Belle Gibson, a disgraced health blogger who lied about having brain cancer, can't stop lying during 60 Minutes interview",https://www.youtube.com/watch?v=xsw90DY5gEI
ew wah ah ah ah,https://www.youtube.com/watch?v=5Zr6pd-tceo
"Guy thinks he knows his rights, gets them wrong, and gets tased.",https://www.youtube.com/watch?v=Ebt0l8s3aMQ
Pranker Breaks a Students Laptop by Accident,https://www.youtube.com/watch?v=J3zYBno6Kwc
Butthurt host can't interview without her emotions getting in the way,https://www.youtube.com/watch?v=_O-kDINftu8
"In honor of the Olympics: 2006 Winter Games, Snowboarder Lindsey Jacobellis does a showboat trick on the final stretch for no reason while in the lead",https://www.youtube.com/watch?v=quQODOvrWMs
Alex Trebek calls contestant loser for her taste in music,https://www.youtube.com/watch?v=SjSy4z27c78
DJ decides to remix wedding march. Guests aren't impressed.,https://www.youtube.com/watch?v=Pf3V__OGjv0
"Busted! Two women caught stealing a canopy on the beach, then attack!",https://www.youtube.com/watch?v=jgoYErLLIbc
Drunk UCONN student demands Mac n Cheese,https://www.youtube.com/watch?v=ovD178AhhSc
Contestant on Wheel of Fortune fails again and again,https://www.youtube.com/watch?v=tZyJP5ph_9k
Buzzfeed's 5 word speech at the 18th annual Webby Awards,https://www.youtube.com/watch?v=kR2UXgKgHQ4
Guy brings his engine swapped Charger in for a Trade-In and the dealership employee is not impressed at all,https://www.youtube.com/watch?v=iULnHpTGBmA
